"clubId","clubName","season","playerCount"
"arsenal","Arsenal","1992/93","29"
"arsenal","Arsenal","1993/94","23"
"arsenal","Arsenal","1994/95","30"
"arsenal","Arsenal","1995/96","26"
"arsenal","Arsenal","1996/97","28"
"arsenal","Arsenal","1997/98","26"
"arsenal","Arsenal","1998/99","26"
"arsenal","Arsenal","1999/00","30"
"arsenal","Arsenal","2000/01","26"
"arsenal","Arsenal","2001/02","25"
"arsenal","Arsenal","2002/03","25"
"arsenal","Arsenal","2003/04","23"
"arsenal","Arsenal","2004/05","26"
"arsenal","Arsenal","2005/06","27"
"arsenal","Arsenal","2006/07","25"
"arsenal","Arsenal","2007/08","26"
"arsenal","Arsenal","2008/09","27"
"arsenal","Arsenal","2009/10","29"
"arsenal","Arsenal","2010/11","26"
"arsenal","Arsenal","2011/12","33"
"arsenal","Arsenal","2012/13","26"
"arsenal","Arsenal","2013/14","28"
"arsenal","Arsenal","2014/15","27"
"arsenal","Arsenal","2015/16","26"
"arsenal","Arsenal","2016/17","29"
"arsenal","Arsenal","2017/18","29"
"arsenal","Arsenal","2018/19","28"
"arsenal","Arsenal","2019/20","29"
"arsenal","Arsenal","2020/21","29"
"arsenal","Arsenal","2021/22","23"
"arsenal","Arsenal","2022/23","26"
"arsenal","Arsenal","2023/24","24"
"arsenal","Arsenal","2024/25","25"
"arsenal","Arsenal","2025/26","25"
"arsenal","Arsenal","2026/27","24"
"aston-villa","Aston Villa","1992/93","24"
"aston-villa","Aston Villa","1993/94","25"
"aston-villa","Aston Villa","1994/95","26"
"aston-villa","Aston Villa","1995/96","24"
"aston-villa","Aston Villa","1996/97","20"
"aston-villa","Aston Villa","1997/98","22"
"aston-villa","Aston Villa","1998/99","24"
"aston-villa","Aston Villa","1999/00","25"
"aston-villa","Aston Villa","2000/01","24"
"aston-villa","Aston Villa","2001/02","23"
"aston-villa","Aston Villa","2002/03","26"
"aston-villa","Aston Villa","2003/04","23"
"aston-villa","Aston Villa","2004/05","21"
"aston-villa","Aston Villa","2005/06","28"
"aston-villa","Aston Villa","2006/07","28"
"aston-villa","Aston Villa","2007/08","22"
"aston-villa","Aston Villa","2008/09","22"
"aston-villa","Aston Villa","2009/10","25"
"aston-villa","Aston Villa","2010/11","28"
"aston-villa","Aston Villa","2011/12","27"
"aston-villa","Aston Villa","2012/13","24"
"aston-villa","Aston Villa","2013/14","23"
"aston-villa","Aston Villa","2014/15","27"
"aston-villa","Aston Villa","2015/16","25"
"aston-villa","Aston Villa","2019/20","27"
"aston-villa","Aston Villa","2020/21","26"
"aston-villa","Aston Villa","2021/22","29"
"aston-villa","Aston Villa","2022/23","27"
"aston-villa","Aston Villa","2023/24","30"
"aston-villa","Aston Villa","2024/25","29"
"aston-villa","Aston Villa","2025/26","30"
"aston-villa","Aston Villa","2026/27","27"
"barnsley","Barnsley","1997/98","26"
"birmingham","Birmingham City","2002/03","28"
"birmingham","Birmingham City","2003/04","22"
"birmingham","Birmingham City","2004/05","28"
"birmingham","Birmingham City","2005/06","26"
"birmingham","Birmingham City","2007/08","25"
"birmingham","Birmingham City","2009/10","22"
"birmingham","Birmingham City","2010/11","23"
"blackburn","Blackburn Rovers","1992/93","27"
"blackburn","Blackburn Rovers","1993/94","22"
"blackburn","Blackburn Rovers","1994/95","21"
"blackburn","Blackburn Rovers","1995/96","26"
"blackburn","Blackburn Rovers","1996/97","25"
"blackburn","Blackburn Rovers","1997/98","24"
"blackburn","Blackburn Rovers","1998/99","30"
"blackburn","Blackburn Rovers","2001/02","28"
"blackburn","Blackburn Rovers","2002/03","26"
"blackburn","Blackburn Rovers","2003/04","25"
"blackburn","Blackburn Rovers","2004/05","28"
"blackburn","Blackburn Rovers","2005/06","24"
"blackburn","Blackburn Rovers","2006/07","28"
"blackburn","Blackburn Rovers","2007/08","22"
"blackburn","Blackburn Rovers","2008/09","27"
"blackburn","Blackburn Rovers","2009/10","24"
"blackburn","Blackburn Rovers","2010/11","23"
"blackburn","Blackburn Rovers","2011/12","22"
"blackpool","Blackpool","2010/11","28"
"bolton","Bolton Wanderers","1995/96","28"
"bolton","Bolton Wanderers","1997/98","28"
"bolton","Bolton Wanderers","2001/02","31"
"bolton","Bolton Wanderers","2002/03","26"
"bolton","Bolton Wanderers","2003/04","23"
"bolton","Bolton Wanderers","2004/05","26"
"bolton","Bolton Wanderers","2005/06","24"
"bolton","Bolton Wanderers","2006/07","26"
"bolton","Bolton Wanderers","2007/08","32"
"bolton","Bolton Wanderers","2008/09","26"
"bolton","Bolton Wanderers","2009/10","28"
"bolton","Bolton Wanderers","2010/11","26"
"bolton","Bolton Wanderers","2011/12","31"
"bournemouth","Bournemouth","2015/16","23"
"bournemouth","Bournemouth","2016/17","24"
"bournemouth","Bournemouth","2017/18","23"
"bournemouth","Bournemouth","2018/19","26"
"bournemouth","Bournemouth","2019/20","27"
"bournemouth","Bournemouth","2022/23","32"
"bournemouth","Bournemouth","2023/24","32"
"bournemouth","Bournemouth","2024/25","28"
"bournemouth","Bournemouth","2025/26","28"
"bournemouth","Bournemouth","2026/27","28"
"bradford","Bradford City","1999/00","25"
"bradford","Bradford City","2000/01","30"
"brentford","Brentford","2021/22","22"
"brentford","Brentford","2022/23","26"
"brentford","Brentford","2023/24","27"
"brentford","Brentford","2024/25","29"
"brentford","Brentford","2025/26","26"
"brentford","Brentford","2026/27","25"
"brighton","Brighton & Hove Albion","2017/18","24"
"brighton","Brighton & Hove Albion","2018/19","22"
"brighton","Brighton & Hove Albion","2019/20","25"
"brighton","Brighton & Hove Albion","2020/21","25"
"brighton","Brighton & Hove Albion","2021/22","22"
"brighton","Brighton & Hove Albion","2022/23","27"
"brighton","Brighton & Hove Albion","2023/24","31"
"brighton","Brighton & Hove Albion","2024/25","31"
"brighton","Brighton & Hove Albion","2025/26","31"
"brighton","Brighton & Hove Albion","2026/27","29"
"burnley","Burnley","2009/10","23"
"burnley","Burnley","2014/15","22"
"burnley","Burnley","2016/17","24"
"burnley","Burnley","2017/18","25"
"burnley","Burnley","2018/19","25"
"burnley","Burnley","2019/20","23"
"burnley","Burnley","2020/21","20"
"burnley","Burnley","2021/22","24"
"burnley","Burnley","2023/24","31"
"burnley","Burnley","2025/26","30"
"cardiff","Cardiff City","2013/14","27"
"cardiff","Cardiff City","2018/19","20"
"charlton","Charlton Athletic","1998/99","27"
"charlton","Charlton Athletic","2000/01","27"
"charlton","Charlton Athletic","2001/02","26"
"charlton","Charlton Athletic","2002/03","24"
"charlton","Charlton Athletic","2003/04","22"
"charlton","Charlton Athletic","2004/05","23"
"charlton","Charlton Athletic","2005/06","26"
"charlton","Charlton Athletic","2006/07","26"
"chelsea","Chelsea","1992/93","32"
"chelsea","Chelsea","1993/94","25"
"chelsea","Chelsea","1994/95","24"
"chelsea","Chelsea","1995/96","25"
"chelsea","Chelsea","1996/97","31"
"chelsea","Chelsea","1997/98","28"
"chelsea","Chelsea","1998/99","26"
"chelsea","Chelsea","1999/00","27"
"chelsea","Chelsea","2000/01","27"
"chelsea","Chelsea","2001/02","26"
"chelsea","Chelsea","2002/03","24"
"chelsea","Chelsea","2003/04","26"
"chelsea","Chelsea","2004/05","24"
"chelsea","Chelsea","2005/06","25"
"chelsea","Chelsea","2006/07","25"
"chelsea","Chelsea","2007/08","27"
"chelsea","Chelsea","2008/09","31"
"chelsea","Chelsea","2009/10","28"
"chelsea","Chelsea","2010/11","23"
"chelsea","Chelsea","2011/12","27"
"chelsea","Chelsea","2012/13","25"
"chelsea","Chelsea","2013/14","25"
"chelsea","Chelsea","2014/15","26"
"chelsea","Chelsea","2015/16","30"
"chelsea","Chelsea","2016/17","27"
"chelsea","Chelsea","2017/18","28"
"chelsea","Chelsea","2018/19","27"
"chelsea","Chelsea","2019/20","28"
"chelsea","Chelsea","2020/21","28"
"chelsea","Chelsea","2021/22","28"
"chelsea","Chelsea","2022/23","33"
"chelsea","Chelsea","2023/24","34"
"chelsea","Chelsea","2024/25","30"
"chelsea","Chelsea","2025/26","30"
"chelsea","Chelsea","2026/27","27"
"coventry","Coventry City","1992/93","29"
"coventry","Coventry City","1993/94","26"
"coventry","Coventry City","1994/95","28"
"coventry","Coventry City","1995/96","26"
"coventry","Coventry City","1996/97","25"
"coventry","Coventry City","1997/98","26"
"coventry","Coventry City","1998/99","29"
"coventry","Coventry City","1999/00","31"
"coventry","Coventry City","2000/01","29"
"coventry","Coventry City","2026/27","29"
"crystal-palace","Crystal Palace","1992/93","24"
"crystal-palace","Crystal Palace","1994/95","24"
"crystal-palace","Crystal Palace","1997/98","37"
"crystal-palace","Crystal Palace","2004/05","24"
"crystal-palace","Crystal Palace","2013/14","26"
"crystal-palace","Crystal Palace","2014/15","27"
"crystal-palace","Crystal Palace","2015/16","26"
"crystal-palace","Crystal Palace","2016/17","26"
"crystal-palace","Crystal Palace","2017/18","27"
"crystal-palace","Crystal Palace","2018/19","24"
"crystal-palace","Crystal Palace","2019/20","23"
"crystal-palace","Crystal Palace","2020/21","25"
"crystal-palace","Crystal Palace","2021/22","23"
"crystal-palace","Crystal Palace","2022/23","25"
"crystal-palace","Crystal Palace","2023/24","27"
"crystal-palace","Crystal Palace","2024/25","27"
"crystal-palace","Crystal Palace","2025/26","30"
"crystal-palace","Crystal Palace","2026/27","27"
"derby","Derby County","1996/97","26"
"derby","Derby County","1997/98","28"
"derby","Derby County","1998/99","30"
"derby","Derby County","1999/00","31"
"derby","Derby County","2000/01","32"
"derby","Derby County","2001/02","34"
"derby","Derby County","2007/08","32"
"everton","Everton","1992/93","26"
"everton","Everton","1993/94","23"
"everton","Everton","1994/95","26"
"everton","Everton","1995/96","25"
"everton","Everton","1996/97","26"
"everton","Everton","1997/98","34"
"everton","Everton","1998/99","35"
"everton","Everton","1999/00","28"
"everton","Everton","2000/01","31"
"everton","Everton","2001/02","28"
"everton","Everton","2002/03","25"
"everton","Everton","2003/04","27"
"everton","Everton","2004/05","21"
"everton","Everton","2005/06","26"
"everton","Everton","2006/07","26"
"everton","Everton","2007/08","25"
"everton","Everton","2008/09","25"
"everton","Everton","2009/10","27"
"everton","Everton","2010/11","21"
"everton","Everton","2011/12","26"
"everton","Everton","2012/13","22"
"everton","Everton","2013/14","24"
"everton","Everton","2014/15","26"
"everton","Everton","2015/16","27"
"everton","Everton","2016/17","25"
"everton","Everton","2017/18","30"
"everton","Everton","2018/19","24"
"everton","Everton","2019/20","24"
"everton","Everton","2020/21","24"
"everton","Everton","2021/22","27"
"everton","Everton","2022/23","29"
"everton","Everton","2023/24","26"
"everton","Everton","2024/25","28"
"everton","Everton","2025/26","23"
"everton","Everton","2026/27","20"
"fulham","Fulham","2001/02","24"
"fulham","Fulham","2002/03","28"
"fulham","Fulham","2003/04","27"
"fulham","Fulham","2004/05","23"
"fulham","Fulham","2005/06","25"
"fulham","Fulham","2006/07","23"
"fulham","Fulham","2007/08","27"
"fulham","Fulham","2008/09","21"
"fulham","Fulham","2009/10","27"
"fulham","Fulham","2010/11","27"
"fulham","Fulham","2011/12","28"
"fulham","Fulham","2012/13","25"
"fulham","Fulham","2013/14","31"
"fulham","Fulham","2018/19","26"
"fulham","Fulham","2020/21","29"
"fulham","Fulham","2022/23","29"
"fulham","Fulham","2023/24","26"
"fulham","Fulham","2024/25","27"
"fulham","Fulham","2025/26","25"
"fulham","Fulham","2026/27","26"
"huddersfield","Huddersfield Town","2017/18","26"
"huddersfield","Huddersfield Town","2018/19","31"
"hull-city","Hull City","2008/09","27"
"hull-city","Hull City","2009/10","27"
"hull-city","Hull City","2013/14","24"
"hull-city","Hull City","2014/15","28"
"hull-city","Hull City","2016/17","28"
"hull-city","Hull City","2026/27","35"
"ipswich","Ipswich Town","1992/93","22"
"ipswich","Ipswich Town","1993/94","21"
"ipswich","Ipswich Town","1994/95","32"
"ipswich","Ipswich Town","2000/01","23"
"ipswich","Ipswich Town","2001/02","26"
"ipswich","Ipswich Town","2024/25","32"
"ipswich","Ipswich Town","2026/27","29"
"leeds","Leeds United","1992/93","30"
"leeds","Leeds United","1993/94","25"
"leeds","Leeds United","1994/95","22"
"leeds","Leeds United","1995/96","31"
"leeds","Leeds United","1996/97","30"
"leeds","Leeds United","1997/98","22"
"leeds","Leeds United","1998/99","24"
"leeds","Leeds United","1999/00","21"
"leeds","Leeds United","2000/01","26"
"leeds","Leeds United","2001/02","24"
"leeds","Leeds United","2002/03","26"
"leeds","Leeds United","2003/04","27"
"leeds","Leeds United","2020/21","22"
"leeds","Leeds United","2021/22","23"
"leeds","Leeds United","2022/23","29"
"leeds","Leeds United","2025/26","25"
"leeds","Leeds United","2026/27","23"
"leicester","Leicester City","1994/95","30"
"leicester","Leicester City","1996/97","24"
"leicester","Leicester City","1997/98","22"
"leicester","Leicester City","1998/99","24"
"leicester","Leicester City","1999/00","26"
"leicester","Leicester City","2000/01","29"
"leicester","Leicester City","2001/02","33"
"leicester","Leicester City","2003/04","28"
"leicester","Leicester City","2014/15","25"
"leicester","Leicester City","2015/16","23"
"leicester","Leicester City","2016/17","24"
"leicester","Leicester City","2017/18","24"
"leicester","Leicester City","2018/19","24"
"leicester","Leicester City","2019/20","24"
"leicester","Leicester City","2020/21","22"
"leicester","Leicester City","2021/22","26"
"leicester","Leicester City","2022/23","29"
"leicester","Leicester City","2024/25","34"
"liverpool","Liverpool","1992/93","25"
"liverpool","Liverpool","1993/94","26"
"liverpool","Liverpool","1994/95","22"
"liverpool","Liverpool","1995/96","20"
"liverpool","Liverpool","1996/97","24"
"liverpool","Liverpool","1997/98","24"
"liverpool","Liverpool","1998/99","25"
"liverpool","Liverpool","1999/00","25"
"liverpool","Liverpool","2000/01","27"
"liverpool","Liverpool","2001/02","28"
"liverpool","Liverpool","2002/03","23"
"liverpool","Liverpool","2003/04","25"
"liverpool","Liverpool","2004/05","30"
"liverpool","Liverpool","2005/06","26"
"liverpool","Liverpool","2006/07","24"
"liverpool","Liverpool","2007/08","26"
"liverpool","Liverpool","2008/09","26"
"liverpool","Liverpool","2009/10","28"
"liverpool","Liverpool","2010/11","26"
"liverpool","Liverpool","2011/12","22"
"liverpool","Liverpool","2012/13","26"
"liverpool","Liverpool","2013/14","23"
"liverpool","Liverpool","2014/15","25"
"liverpool","Liverpool","2015/16","29"
"liverpool","Liverpool","2016/17","23"
"liverpool","Liverpool","2017/18","26"
"liverpool","Liverpool","2018/19","22"
"liverpool","Liverpool","2019/20","24"
"liverpool","Liverpool","2020/21","29"
"liverpool","Liverpool","2021/22","29"
"liverpool","Liverpool","2022/23","30"
"liverpool","Liverpool","2023/24","31"
"liverpool","Liverpool","2024/25","24"
"liverpool","Liverpool","2025/26","24"
"liverpool","Liverpool","2026/27","27"
"luton","Luton Town","2023/24","29"
"manchester-city","Manchester City","1992/93","23"
"manchester-city","Manchester City","1993/94","32"
"manchester-city","Manchester City","1994/95","27"
"manchester-city","Manchester City","1995/96","28"
"manchester-city","Manchester City","2000/01","30"
"manchester-city","Manchester City","2002/03","26"
"manchester-city","Manchester City","2003/04","23"
"manchester-city","Manchester City","2004/05","28"
"manchester-city","Manchester City","2005/06","24"
"manchester-city","Manchester City","2006/07","28"
"manchester-city","Manchester City","2007/08","26"
"manchester-city","Manchester City","2008/09","32"
"manchester-city","Manchester City","2009/10","26"
"manchester-city","Manchester City","2010/11","28"
"manchester-city","Manchester City","2011/12","24"
"manchester-city","Manchester City","2012/13","25"
"manchester-city","Manchester City","2013/14","22"
"manchester-city","Manchester City","2014/15","22"
"manchester-city","Manchester City","2015/16","23"
"manchester-city","Manchester City","2016/17","23"
"manchester-city","Manchester City","2017/18","25"
"manchester-city","Manchester City","2018/19","23"
"manchester-city","Manchester City","2019/20","25"
"manchester-city","Manchester City","2020/21","24"
"manchester-city","Manchester City","2021/22","22"
"manchester-city","Manchester City","2022/23","24"
"manchester-city","Manchester City","2023/24","22"
"manchester-city","Manchester City","2024/25","30"
"manchester-city","Manchester City","2025/26","28"
"manchester-city","Manchester City","2026/27","25"
"manchester-united","Manchester United","1992/93","21"
"manchester-united","Manchester United","1993/94","23"
"manchester-united","Manchester United","1994/95","24"
"manchester-united","Manchester United","1995/96","23"
"manchester-united","Manchester United","1996/97","23"
"manchester-united","Manchester United","1997/98","29"
"manchester-united","Manchester United","1998/99","23"
"manchester-united","Manchester United","1999/00","29"
"manchester-united","Manchester United","2000/01","29"
"manchester-united","Manchester United","2001/02","26"
"manchester-united","Manchester United","2002/03","21"
"manchester-united","Manchester United","2003/04","22"
"manchester-united","Manchester United","2004/05","26"
"manchester-united","Manchester United","2005/06","27"
"manchester-united","Manchester United","2006/07","23"
"manchester-united","Manchester United","2007/08","26"
"manchester-united","Manchester United","2008/09","31"
"manchester-united","Manchester United","2009/10","31"
"manchester-united","Manchester United","2010/11","28"
"manchester-united","Manchester United","2011/12","27"
"manchester-united","Manchester United","2012/13","25"
"manchester-united","Manchester United","2013/14","26"
"manchester-united","Manchester United","2014/15","26"
"manchester-united","Manchester United","2015/16","30"
"manchester-united","Manchester United","2016/17","26"
"manchester-united","Manchester United","2017/18","26"
"manchester-united","Manchester United","2018/19","29"
"manchester-united","Manchester United","2019/20","30"
"manchester-united","Manchester United","2020/21","27"
"manchester-united","Manchester United","2021/22","29"
"manchester-united","Manchester United","2022/23","31"
"manchester-united","Manchester United","2023/24","34"
"manchester-united","Manchester United","2024/25","30"
"manchester-united","Manchester United","2025/26","27"
"manchester-united","Manchester United","2026/27","26"
"middlesbrough","Middlesbrough","1992/93","26"
"middlesbrough","Middlesbrough","1995/96","30"
"middlesbrough","Middlesbrough","1996/97","30"
"middlesbrough","Middlesbrough","1998/99","29"
"middlesbrough","Middlesbrough","1999/00","28"
"middlesbrough","Middlesbrough","2000/01","28"
"middlesbrough","Middlesbrough","2001/02","34"
"middlesbrough","Middlesbrough","2002/03","29"
"middlesbrough","Middlesbrough","2003/04","24"
"middlesbrough","Middlesbrough","2004/05","25"
"middlesbrough","Middlesbrough","2005/06","30"
"middlesbrough","Middlesbrough","2006/07","24"
"middlesbrough","Middlesbrough","2007/08","25"
"middlesbrough","Middlesbrough","2008/09","21"
"middlesbrough","Middlesbrough","2016/17","24"
"newcastle","Newcastle United","1993/94","27"
"newcastle","Newcastle United","1994/95","22"
"newcastle","Newcastle United","1995/96","22"
"newcastle","Newcastle United","1996/97","20"
"newcastle","Newcastle United","1997/98","26"
"newcastle","Newcastle United","1998/99","34"
"newcastle","Newcastle United","1999/00","32"
"newcastle","Newcastle United","2000/01","29"
"newcastle","Newcastle United","2001/02","25"
"newcastle","Newcastle United","2002/03","28"
"newcastle","Newcastle United","2003/04","25"
"newcastle","Newcastle United","2004/05","27"
"newcastle","Newcastle United","2005/06","27"
"newcastle","Newcastle United","2006/07","29"
"newcastle","Newcastle United","2007/08","27"
"newcastle","Newcastle United","2008/09","29"
"newcastle","Newcastle United","2010/11","30"
"newcastle","Newcastle United","2011/12","27"
"newcastle","Newcastle United","2012/13","32"
"newcastle","Newcastle United","2013/14","27"
"newcastle","Newcastle United","2014/15","28"
"newcastle","Newcastle United","2015/16","31"
"newcastle","Newcastle United","2017/18","27"
"newcastle","Newcastle United","2018/19","27"
"newcastle","Newcastle United","2019/20","30"
"newcastle","Newcastle United","2020/21","29"
"newcastle","Newcastle United","2021/22","31"
"newcastle","Newcastle United","2022/23","29"
"newcastle","Newcastle United","2023/24","32"
"newcastle","Newcastle United","2024/25","27"
"newcastle","Newcastle United","2025/26","27"
"newcastle","Newcastle United","2026/27","24"
"norwich","Norwich City","1992/93","22"
"norwich","Norwich City","1993/94","24"
"norwich","Norwich City","1994/95","26"
"norwich","Norwich City","2004/05","25"
"norwich","Norwich City","2011/12","22"
"norwich","Norwich City","2012/13","22"
"norwich","Norwich City","2013/14","24"
"norwich","Norwich City","2015/16","25"
"norwich","Norwich City","2019/20","26"
"norwich","Norwich City","2021/22","26"
"nottm-forest","Nottingham Forest","1992/93","23"
"nottm-forest","Nottingham Forest","1994/95","21"
"nottm-forest","Nottingham Forest","1995/96","23"
"nottm-forest","Nottingham Forest","1996/97","29"
"nottm-forest","Nottingham Forest","1998/99","33"
"nottm-forest","Nottingham Forest","2022/23","33"
"nottm-forest","Nottingham Forest","2023/24","33"
"nottm-forest","Nottingham Forest","2024/25","25"
"nottm-forest","Nottingham Forest","2025/26","32"
"nottm-forest","Nottingham Forest","2026/27","24"
"oldham","Oldham Athletic","1992/93","24"
"oldham","Oldham Athletic","1993/94","28"
"portsmouth","Portsmouth","2003/04","29"
"portsmouth","Portsmouth","2004/05","23"
"portsmouth","Portsmouth","2005/06","29"
"portsmouth","Portsmouth","2006/07","25"
"portsmouth","Portsmouth","2007/08","26"
"portsmouth","Portsmouth","2008/09","31"
"portsmouth","Portsmouth","2009/10","28"
"qpr","Queens Park Rangers","1992/93","23"
"qpr","Queens Park Rangers","1993/94","22"
"qpr","Queens Park Rangers","1994/95","23"
"qpr","Queens Park Rangers","1995/96","27"
"qpr","Queens Park Rangers","2011/12","29"
"qpr","Queens Park Rangers","2012/13","31"
"qpr","Queens Park Rangers","2014/15","29"
"reading","Reading","2006/07","24"
"reading","Reading","2007/08","25"
"reading","Reading","2012/13","26"
"sheffield-utd","Sheffield United","1992/93","25"
"sheffield-utd","Sheffield United","1993/94","28"
"sheffield-utd","Sheffield United","2006/07","31"
"sheffield-utd","Sheffield United","2019/20","21"
"sheffield-utd","Sheffield United","2020/21","22"
"sheffield-utd","Sheffield United","2023/24","35"
"sheffield-wednesday","Sheffield Wednesday","1992/93","25"
"sheffield-wednesday","Sheffield Wednesday","1993/94","27"
"sheffield-wednesday","Sheffield Wednesday","1994/95","24"
"sheffield-wednesday","Sheffield Wednesday","1995/96","28"
"sheffield-wednesday","Sheffield Wednesday","1996/97","24"
"sheffield-wednesday","Sheffield Wednesday","1997/98","34"
"sheffield-wednesday","Sheffield Wednesday","1998/99","31"
"sheffield-wednesday","Sheffield Wednesday","1999/00","25"
"southampton","Southampton","1992/93","25"
"southampton","Southampton","1993/94","31"
"southampton","Southampton","1994/95","26"
"southampton","Southampton","1995/96","25"
"southampton","Southampton","1996/97","31"
"southampton","Southampton","1997/98","32"
"southampton","Southampton","1998/99","31"
"southampton","Southampton","1999/00","29"
"southampton","Southampton","2000/01","24"
"southampton","Southampton","2001/02","30"
"southampton","Southampton","2002/03","26"
"southampton","Southampton","2003/04","25"
"southampton","Southampton","2004/05","31"
"southampton","Southampton","2012/13","20"
"southampton","Southampton","2013/14","21"
"southampton","Southampton","2014/15","22"
"southampton","Southampton","2015/16","23"
"southampton","Southampton","2016/17","23"
"southampton","Southampton","2017/18","21"
"southampton","Southampton","2018/19","24"
"southampton","Southampton","2019/20","23"
"southampton","Southampton","2020/21","22"
"southampton","Southampton","2021/22","23"
"southampton","Southampton","2022/23","33"
"southampton","Southampton","2024/25","36"
"stoke","Stoke City","2008/09","27"
"stoke","Stoke City","2009/10","19"
"stoke","Stoke City","2010/11","21"
"stoke","Stoke City","2011/12","21"
"stoke","Stoke City","2012/13","22"
"stoke","Stoke City","2013/14","23"
"stoke","Stoke City","2014/15","24"
"stoke","Stoke City","2015/16","24"
"stoke","Stoke City","2016/17","25"
"stoke","Stoke City","2017/18","24"
"sunderland","Sunderland","1996/97","25"
"sunderland","Sunderland","1999/00","27"
"sunderland","Sunderland","2000/01","28"
"sunderland","Sunderland","2001/02","26"
"sunderland","Sunderland","2002/03","30"
"sunderland","Sunderland","2005/06","29"
"sunderland","Sunderland","2007/08","27"
"sunderland","Sunderland","2008/09","27"
"sunderland","Sunderland","2009/10","21"
"sunderland","Sunderland","2010/11","22"
"sunderland","Sunderland","2011/12","25"
"sunderland","Sunderland","2012/13","23"
"sunderland","Sunderland","2013/14","25"
"sunderland","Sunderland","2014/15","22"
"sunderland","Sunderland","2015/16","25"
"sunderland","Sunderland","2016/17","29"
"sunderland","Sunderland","2025/26","29"
"sunderland","Sunderland","2026/27","26"
"swansea","Swansea City","2011/12","18"
"swansea","Swansea City","2012/13","21"
"swansea","Swansea City","2013/14","22"
"swansea","Swansea City","2014/15","23"
"swansea","Swansea City","2015/16","21"
"swansea","Swansea City","2016/17","26"
"swansea","Swansea City","2017/18","25"
"swindon","Swindon Town","1993/94","27"
"tottenham","Tottenham Hotspur","1992/93","31"
"tottenham","Tottenham Hotspur","1993/94","30"
"tottenham","Tottenham Hotspur","1994/95","24"
"tottenham","Tottenham Hotspur","1995/96","24"
"tottenham","Tottenham Hotspur","1996/97","26"
"tottenham","Tottenham Hotspur","1997/98","28"
"tottenham","Tottenham Hotspur","1998/99","29"
"tottenham","Tottenham Hotspur","1999/00","29"
"tottenham","Tottenham Hotspur","2000/01","29"
"tottenham","Tottenham Hotspur","2001/02","25"
"tottenham","Tottenham Hotspur","2002/03","25"
"tottenham","Tottenham Hotspur","2003/04","27"
"tottenham","Tottenham Hotspur","2004/05","32"
"tottenham","Tottenham Hotspur","2005/06","29"
"tottenham","Tottenham Hotspur","2006/07","26"
"tottenham","Tottenham Hotspur","2007/08","29"
"tottenham","Tottenham Hotspur","2008/09","26"
"tottenham","Tottenham Hotspur","2009/10","23"
"tottenham","Tottenham Hotspur","2010/11","26"
"tottenham","Tottenham Hotspur","2011/12","26"
"tottenham","Tottenham Hotspur","2012/13","24"
"tottenham","Tottenham Hotspur","2013/14","27"
"tottenham","Tottenham Hotspur","2014/15","26"
"tottenham","Tottenham Hotspur","2015/16","22"
"tottenham","Tottenham Hotspur","2016/17","24"
"tottenham","Tottenham Hotspur","2017/18","22"
"tottenham","Tottenham Hotspur","2018/19","26"
"tottenham","Tottenham Hotspur","2019/20","26"
"tottenham","Tottenham Hotspur","2020/21","25"
"tottenham","Tottenham Hotspur","2021/22","25"
"tottenham","Tottenham Hotspur","2022/23","29"
"tottenham","Tottenham Hotspur","2023/24","29"
"tottenham","Tottenham Hotspur","2024/25","31"
"tottenham","Tottenham Hotspur","2025/26","32"
"tottenham","Tottenham Hotspur","2026/27","27"
"watford","Watford","1999/00","30"
"watford","Watford","2006/07","22"
"watford","Watford","2015/16","24"
"watford","Watford","2016/17","26"
"watford","Watford","2017/18","28"
"watford","Watford","2018/19","26"
"watford","Watford","2019/20","25"
"watford","Watford","2021/22","29"
"west-brom","West Bromwich Albion","2002/03","23"
"west-brom","West Bromwich Albion","2004/05","26"
"west-brom","West Bromwich Albion","2005/06","24"
"west-brom","West Bromwich Albion","2008/09","28"
"west-brom","West Bromwich Albion","2010/11","21"
"west-brom","West Bromwich Albion","2011/12","21"
"west-brom","West Bromwich Albion","2012/13","22"
"west-brom","West Bromwich Albion","2013/14","24"
"west-brom","West Bromwich Albion","2014/15","22"
"west-brom","West Bromwich Albion","2015/16","23"
"west-brom","West Bromwich Albion","2016/17","21"
"west-brom","West Bromwich Albion","2017/18","23"
"west-brom","West Bromwich Albion","2020/21","25"
"west-ham","West Ham United","1993/94","27"
"west-ham","West Ham United","1994/95","27"
"west-ham","West Ham United","1995/96","31"
"west-ham","West Ham United","1996/97","32"
"west-ham","West Ham United","1997/98","29"
"west-ham","West Ham United","1998/99","29"
"west-ham","West Ham United","1999/00","28"
"west-ham","West Ham United","2000/01","34"
"west-ham","West Ham United","2001/02","28"
"west-ham","West Ham United","2002/03","25"
"west-ham","West Ham United","2005/06","23"
"west-ham","West Ham United","2006/07","30"
"west-ham","West Ham United","2007/08","29"
"west-ham","West Ham United","2008/09","29"
"west-ham","West Ham United","2009/10","26"
"west-ham","West Ham United","2010/11","28"
"west-ham","West Ham United","2012/13","23"
"west-ham","West Ham United","2013/14","27"
"west-ham","West Ham United","2014/15","23"
"west-ham","West Ham United","2015/16","26"
"west-ham","West Ham United","2016/17","28"
"west-ham","West Ham United","2017/18","25"
"west-ham","West Ham United","2018/19","26"
"west-ham","West Ham United","2019/20","26"
"west-ham","West Ham United","2020/21","21"
"west-ham","West Ham United","2021/22","22"
"west-ham","West Ham United","2022/23","25"
"west-ham","West Ham United","2023/24","24"
"west-ham","West Ham United","2024/25","28"
"west-ham","West Ham United","2025/26","34"
"wigan","Wigan Athletic","2005/06","22"
"wigan","Wigan Athletic","2006/07","27"
"wigan","Wigan Athletic","2007/08","25"
"wigan","Wigan Athletic","2008/09","26"
"wigan","Wigan Athletic","2009/10","21"
"wigan","Wigan Athletic","2010/11","23"
"wigan","Wigan Athletic","2011/12","19"
"wigan","Wigan Athletic","2012/13","22"
"wimbledon","Wimbledon","1992/93","28"
"wimbledon","Wimbledon","1993/94","25"
"wimbledon","Wimbledon","1994/95","26"
"wimbledon","Wimbledon","1995/96","30"
"wimbledon","Wimbledon","1996/97","24"
"wimbledon","Wimbledon","1997/98","28"
"wimbledon","Wimbledon","1998/99","24"
"wimbledon","Wimbledon","1999/00","26"
"wolves","Wolverhampton Wanderers","2003/04","24"
"wolves","Wolverhampton Wanderers","2009/10","26"
"wolves","Wolverhampton Wanderers","2010/11","27"
"wolves","Wolverhampton Wanderers","2011/12","28"
"wolves","Wolverhampton Wanderers","2018/19","20"
"wolves","Wolverhampton Wanderers","2019/20","20"
"wolves","Wolverhampton Wanderers","2020/21","25"
"wolves","Wolverhampton Wanderers","2021/22","24"
"wolves","Wolverhampton Wanderers","2022/23","31"
"wolves","Wolverhampton Wanderers","2023/24","28"
"wolves","Wolverhampton Wanderers","2024/25","31"
"wolves","Wolverhampton Wanderers","2025/26","30"
